dt,ta,tn,tn_at,tx,tx_at,rn,rx_1hr,rx_1hr_at,wx,wx_at,wa,wd_wx,nmin,code,x,y
2002-01-01,-3.1,-4.6,2002-01-01 13:12:00+00:00,1.1,2001-12-31 15:01:00+00:00,0.0,,,15.2,,4.8,341.4,1432,654,126.3333,37.25
2002-01-02,-7.1,-8.1,2002-01-01 23:00:00+00:00,-4.6,2002-01-01 15:01:00+00:00,0.0,,,14.2,,3.9,311.7,1440,654,126.3333,37.25
2002-01-03,-3.6,-8.5,2002-01-02 18:04:00+00:00,-0.6,2002-01-03 13:58:00+00:00,0.0,,,6.7,,1.2,351.4,1439,654,126.3333,37.25
2002-01-04,4.1,-1.5,2002-01-03 16:17:00+00:00,6.8,2002-01-04 03:03:00+00:00,0.5,,,11.5,,3.7,340.1,1439,654,126.3333,37.25
2002-01-05,0.0,-2.1,2002-01-05 13:19:00+00:00,3.2,2002-01-04 15:01:00+00:00,0.0,,,10.2,,2.9,349.0,1435,654,126.3333,37.25
2002-01-06,1.1,-3.1,2002-01-05 19:58:00+00:00,4.1,2002-01-06 13:18:00+00:00,0.0,,,8.7,,1.9,161.0,1439,654,126.3333,37.25
2002-01-07,-1.5,-5.3,2002-01-07 14:19:00+00:00,6.0,2002-01-06 17:40:00+00:00,3.0,,,17.9,,6.3,338.9,1438,654,126.3333,37.25
2002-01-08,-4.6,-5.7,2002-01-07 23:07:00+00:00,-3.0,2002-01-08 05:39:00+00:00,0.0,,,14.5,,3.9,299.6,1439,654,126.3333,37.25
2002-01-09,-1.2,-5.4,2002-01-08 22:42:00+00:00,1.4,2002-01-09 09:56:00+00:00,0.0,,,7.5,,2.2,312.1,1439,654,126.3333,37.25
2002-01-10,4.0,0.6,2002-01-09 15:40:00+00:00,7.3,2002-01-10 06:07:00+00:00,0.0,,,9.5,,2.4,325.4,1439,654,126.3333,37.25
2002-01-11,3.7,0.7,2002-01-10 22:34:00+00:00,7.5,2002-01-11 06:49:00+00:00,0.0,,,10.4,,1.3,326.8,1438,654,126.3333,37.25
2002-01-12,5.4,2.1,2002-01-11 22:10:00+00:00,9.3,2002-01-12 06:35:00+00:00,0.0,,,6.0,,1.5,146.2,1433,654,126.3333,37.25
2002-01-13,8.1,4.7,2002-01-12 21:26:00+00:00,12.2,2002-01-13 07:20:00+00:00,0.0,,,12.3,,3.3,78.8,1440,654,126.3333,37.25
2002-01-14,10.9,7.5,2002-01-13 21:46:00+00:00,13.2,2002-01-14 05:57:00+00:00,0.0,,,11.4,,2.4,74.4,1415,654,126.3333,37.25
2002-01-15,10.1,7.2,2002-01-15 11:47:00+00:00,12.3,2002-01-14 17:56:00+00:00,4.5,,,9.3,,2.0,28.5,1429,654,126.3333,37.25
2002-01-16,5.1,3.5,2002-01-16 14:26:00+00:00,10.2,2002-01-15 15:54:00+00:00,2.5,,,13.1,,2.2,324.3,1437,654,126.3333,37.25
2002-01-17,2.7,1.6,2002-01-17 14:58:00+00:00,3.9,2002-01-17 04:58:00+00:00,0.0,,,5.7,,1.7,329.2,1435,654,126.3333,37.25
2002-01-18,2.2,0.7,2002-01-17 23:06:00+00:00,4.2,2002-01-18 06:12:00+00:00,0.0,,,5.9,,1.7,48.7,1439,654,126.3333,37.25
2002-01-19,3.0,1.2,2002-01-18 21:21:00+00:00,6.5,2002-01-19 04:38:00+00:00,0.0,,,5.2,,1.3,206.2,1440,654,126.3333,37.25
2002-01-20,2.1,0.4,2002-01-20 13:23:00+00:00,3.3,2002-01-19 17:37:00+00:00,3.5,,,5.4,,0.9,293.8,1440,654,126.3333,37.25
2002-01-21,0.3,-1.1,2002-01-21 10:16:00+00:00,3.6,2002-01-21 01:49:00+00:00,1.5,,,15.6,,3.0,295.3,1440,654,126.3333,37.25
2002-01-22,-3.0,-4.3,2002-01-22 00:50:00+00:00,-0.7,2002-01-21 15:01:00+00:00,0.0,,,13.7,,4.4,325.4,1440,654,126.3333,37.25
2002-01-23,-2.6,-4.7,2002-01-22 22:02:00+00:00,-0.1,2002-01-23 07:05:00+00:00,0.0,,,11.6,,3.4,304.5,1430,654,126.3333,37.25
2002-01-24,-1.7,-3.5,2002-01-23 19:55:00+00:00,0.8,2002-01-24 07:50:00+00:00,0.0,,,7.2,,2.1,19.9,1434,654,126.3333,37.25
2002-01-25,-1.9,-6.0,2002-01-24 22:55:00+00:00,0.5,2002-01-25 05:30:00+00:00,0.0,,,5.7,,1.7,20.5,1436,654,126.3333,37.25
2002-01-26,1.3,-0.8,2002-01-25 15:01:00+00:00,3.4,2002-01-26 06:18:00+00:00,0.0,,,7.2,,2.8,50.7,1436,654,126.3333,37.25
2002-01-27,0.0,-2.2,2002-01-27 13:42:00+00:00,1.8,2002-01-27 05:26:00+00:00,0.0,,,12.8,,3.4,311.4,1436,654,126.3333,37.25
2002-01-28,-2.0,-3.4,2002-01-27 22:47:00+00:00,0.6,2002-01-28 05:33:00+00:00,0.0,,,13.0,,3.5,325.5,1440,654,126.3333,37.25
2002-01-29,-0.2,-3.8,2002-01-28 21:28:00+00:00,3.1,2002-01-29 11:57:00+00:00,0.0,,,19.9,,3.3,258.6,1440,654,126.3333,37.25
2002-01-30,0.2,-2.3,2002-01-30 13:44:00+00:00,2.5,2002-01-30 06:27:00+00:00,0.0,,,11.2,,2.9,325.0,1440,654,126.3333,37.25
2002-01-31,-1.3,-4.3,2002-01-30 22:48:00+00:00,1.1,2002-01-31 04:25:00+00:00,0.0,,,7.5,,1.6,267.7,1440,654,126.3333,37.25
2002-02-01,2.7,-1.7,2002-01-31 17:02:00+00:00,5.4,2002-02-01 06:40:00+00:00,0.0,,,10.4,,3.5,221.2,1435,654,126.3333,37.25
2002-02-02,2.2,-0.8,2002-02-02 10:16:00+00:00,5.9,2002-02-02 03:59:00+00:00,0.0,,,6.5,,1.8,220.0,1438,654,126.3333,37.25
2002-02-03,2.4,-1.1,2002-02-02 22:44:00+00:00,6.3,2002-02-03 05:14:00+00:00,0.0,,,4.1,,1.4,339.4,1437,654,126.3333,37.25
2002-02-04,2.4,-0.4,2002-02-03 22:10:00+00:00,6.0,2002-02-04 06:27:00+00:00,0.0,,,4.4,,1.0,34.6,1440,654,126.3333,37.25
2002-02-05,3.5,0.2,2002-02-04 22:59:00+00:00,6.9,2002-02-05 02:46:00+00:00,0.0,,,4.4,,1.5,19.1,1440,654,126.3333,37.25
2002-02-06,4.2,2.4,2002-02-05 19:54:00+00:00,6.6,2002-02-06 07:15:00+00:00,0.0,,,10.9,,2.6,230.2,1434,654,126.3333,37.25
2002-02-07,4.1,2.2,2002-02-06 16:38:00+00:00,7.1,2002-02-07 03:32:00+00:00,0.0,,,7.4,,2.3,322.6,1437,654,126.3333,37.25
2002-02-08,1.5,-2.9,2002-02-08 14:52:00+00:00,6.0,2002-02-08 02:45:00+00:00,0.0,,,13.8,,3.3,342.7,1437,654,126.3333,37.25
2002-02-09,-1.7,-4.2,2002-02-08 22:55:00+00:00,0.2,2002-02-09 05:52:00+00:00,0.0,,,16.6,,3.1,331.5,1436,654,126.3333,37.25
2002-02-10,0.0,-3.0,2002-02-09 22:29:00+00:00,2.3,2002-02-10 03:01:00+00:00,0.0,,,7.3,,1.6,257.3,1440,654,126.3333,37.25
2002-02-11,-0.4,-2.5,2002-02-10 17:19:00+00:00,3.6,2002-02-11 03:08:00+00:00,1.0,,,16.9,,3.4,247.8,1437,654,126.3333,37.25
2002-02-12,-0.9,-3.5,2002-02-11 20:05:00+00:00,1.0,2002-02-12 06:05:00+00:00,0.0,,,7.2,,1.6,290.7,1440,654,126.3333,37.25
2002-02-13,0.2,-2.2,2002-02-12 22:33:00+00:00,3.0,2002-02-13 07:37:00+00:00,0.0,,,12.1,,2.8,342.9,1440,654,126.3333,37.25
2002-02-14,1.2,-0.9,2002-02-13 17:49:00+00:00,4.0,2002-02-14 07:19:00+00:00,0.0,,,9.4,,3.1,338.0,1440,654,126.3333,37.25
2002-02-15,1.8,-2.4,2002-02-14 22:32:00+00:00,5.1,2002-02-15 05:31:00+00:00,0.0,,,7.4,,1.8,341.7,1440,654,126.3333,37.25
2002-02-16,2.8,0.4,2002-02-15 16:38:00+00:00,5.4,2002-02-16 06:20:00+00:00,0.0,,,5.4,,1.4,124.8,1400,654,126.3333,37.25
2002-02-17,2.2,-1.3,2002-02-17 14:58:00+00:00,5.6,2002-02-17 03:38:00+00:00,0.0,,,14.3,,3.1,264.6,1375,654,126.3333,37.25
2002-02-18,-1.4,-3.5,2002-02-17 21:18:00+00:00,2.0,2002-02-18 05:12:00+00:00,0.0,,,13.2,,3.9,352.1,1437,654,126.3333,37.25
2002-02-19,-0.8,-3.4,2002-02-18 20:54:00+00:00,1.9,2002-02-19 06:32:00+00:00,0.0,,,12.5,,2.9,325.9,1434,654,126.3333,37.25
2002-02-20,2.4,-1.5,2002-02-19 19:02:00+00:00,5.7,2002-02-20 03:49:00+00:00,0.0,,,6.5,,2.2,231.9,1440,654,126.3333,37.25
2002-02-21,2.2,0.2,2002-02-20 17:10:00+00:00,3.6,2002-02-21 02:28:00+00:00,1.5,,,6.1,,1.1,149.9,1440,654,126.3333,37.25
2002-02-22,3.9,1.7,2002-02-21 15:38:00+00:00,7.4,2002-02-22 07:22:00+00:00,0.0,,,7.9,,1.9,324.2,1436,654,126.3333,37.25
2002-02-23,3.7,1.6,2002-02-23 14:46:00+00:00,7.3,2002-02-23 06:01:00+00:00,0.0,,,8.9,,2.3,319.4,1440,654,126.3333,37.25
2002-02-24,3.5,0.6,2002-02-23 22:36:00+00:00,8.9,2002-02-24 05:15:00+00:00,0.0,,,7.0,,1.6,323.6,1438,654,126.3333,37.25
2002-02-25,3.8,1.7,2002-02-24 22:05:00+00:00,6.1,2002-02-25 06:44:00+00:00,0.0,,,4.3,,1.1,233.1,1437,654,126.3333,37.25
2002-02-26,4.5,1.9,2002-02-26 14:58:00+00:00,8.0,2002-02-26 06:04:00+00:00,0.0,,,5.3,,0.8,26.9,1440,654,126.3333,37.25
2002-02-27,3.8,1.9,2002-02-26 15:01:00+00:00,7.0,2002-02-27 07:01:00+00:00,0.0,,,4.6,,0.8,158.2,1423,654,126.3333,37.25
2002-02-28,2.5,1.2,2002-02-28 13:19:00+00:00,4.9,2002-02-28 05:29:00+00:00,0.0,,,6.1,,1.2,331.2,1437,654,126.3333,37.25
2002-03-01,3.8,0.5,2002-02-28 19:29:00+00:00,9.4,2002-03-01 06:41:00+00:00,0.0,,,5.9,,1.4,18.6,1436,654,126.3333,37.25
2002-03-02,4.4,2.7,2002-03-02 14:48:00+00:00,7.9,2002-03-02 06:41:00+00:00,0.0,,,8.6,,2.6,11.1,1437,654,126.3333,37.25
2002-03-03,2.9,0.9,2002-03-02 22:13:00+00:00,5.4,2002-03-03 02:38:00+00:00,0.0,,,9.0,,2.9,257.7,1440,654,126.3333,37.25
2002-03-04,2.8,-0.2,2002-03-03 20:09:00+00:00,5.1,2002-03-04 01:13:00+00:00,0.0,,,9.3,,1.6,338.5,1438,654,126.3333,37.25
2002-03-05,2.7,1.4,2002-03-05 13:45:00+00:00,3.9,2002-03-05 00:46:00+00:00,0.0,,,9.0,,1.4,320.8,1438,654,126.3333,37.25
2002-03-06,2.3,-0.5,2002-03-06 14:56:00+00:00,4.8,2002-03-06 03:51:00+00:00,2.0,,,18.1,,4.8,324.9,1438,654,126.3333,37.25
2002-03-07,1.5,-2.0,2002-03-06 20:15:00+00:00,4.1,2002-03-07 04:08:00+00:00,0.0,,,11.4,,3.4,263.3,1438,654,126.3333,37.25
2002-03-08,3.1,-0.5,2002-03-07 21:09:00+00:00,6.8,2002-03-08 04:08:00+00:00,0.0,,,5.7,,1.5,235.9,1432,654,126.3333,37.25
2002-03-09,6.7,1.8,2002-03-08 15:17:00+00:00,10.2,2002-03-09 03:44:00+00:00,0.0,,,13.6,,3.3,228.2,1437,654,126.3333,37.25
2002-03-10,6.5,4.2,2002-03-09 21:57:00+00:00,10.1,2002-03-10 03:57:00+00:00,1.0,,,12.1,,3.3,328.9,1437,654,126.3333,37.25
2002-03-11,5.8,2.3,2002-03-10 22:11:00+00:00,8.2,2002-03-11 03:54:00+00:00,0.0,,,8.6,,2.5,261.8,1440,654,126.3333,37.25
2002-03-12,5.9,3.7,2002-03-11 22:27:00+00:00,9.0,2002-03-12 03:14:00+00:00,0.0,,,6.1,,1.9,252.6,1438,654,126.3333,37.25
2002-03-13,7.6,2.9,2002-03-12 22:05:00+00:00,13.5,2002-03-13 06:49:00+00:00,0.0,,,4.7,,1.0,251.1,1438,654,126.3333,37.25
2002-03-14,9.2,6.6,2002-03-13 17:55:00+00:00,13.9,2002-03-14 04:28:00+00:00,0.0,,,7.8,,1.2,317.2,1437,654,126.3333,37.25
2002-03-15,6.8,5.3,2002-03-15 01:49:00+00:00,9.9,2002-03-14 15:07:00+00:00,0.0,,,15.7,,3.6,257.5,1440,654,126.3333,37.25
2002-03-16,6.1,2.8,2002-03-15 21:11:00+00:00,8.5,2002-03-16 05:32:00+00:00,0.0,,,11.0,,2.7,199.7,1440,654,126.3333,37.25
2002-03-17,8.0,5.2,2002-03-16 16:03:00+00:00,12.3,2002-03-17 04:43:00+00:00,0.0,,,13.1,,2.1,257.5,1440,654,126.3333,37.25
2002-03-18,6.5,4.2,2002-03-18 11:18:00+00:00,9.5,2002-03-18 02:49:00+00:00,0.0,,,11.3,,3.5,324.6,1440,654,126.3333,37.25
2002-03-19,6.9,3.2,2002-03-19 14:58:00+00:00,11.6,2002-03-19 06:08:00+00:00,0.0,,,15.0,,3.8,220.1,1437,654,126.3333,37.25
2002-03-20,7.8,2.9,2002-03-19 15:24:00+00:00,12.5,2002-03-20 03:44:00+00:00,4.5,,,17.3,,2.6,255.7,1439,654,126.3333,37.25
2002-03-21,6.5,5.2,2002-03-20 19:08:00+00:00,8.5,2002-03-21 04:26:00+00:00,12.5,,,14.0,,4.7,299.9,1437,654,126.3333,37.25
2002-03-22,6.0,4.7,2002-03-22 11:51:00+00:00,8.0,2002-03-22 03:21:00+00:00,0.0,,,18.2,,5.0,263.2,1429,654,126.3333,37.25
2002-03-23,5.7,4.2,2002-03-23 12:24:00+00:00,8.5,2002-03-23 04:17:00+00:00,0.0,,,14.6,,4.5,253.8,1440,654,126.3333,37.25
2002-03-24,5.4,3.8,2002-03-23 21:35:00+00:00,7.6,2002-03-24 03:57:00+00:00,0.0,,,7.9,,2.8,235.3,1440,654,126.3333,37.25
2002-03-25,5.9,3.1,2002-03-24 20:00:00+00:00,8.9,2002-03-25 03:21:00+00:00,0.0,,,8.5,,1.9,221.9,1436,654,126.3333,37.25
2002-03-26,7.3,4.6,2002-03-25 21:54:00+00:00,12.1,2002-03-26 06:33:00+00:00,0.0,,,6.9,,1.2,301.6,1439,654,126.3333,37.25
2002-03-27,8.6,5.5,2002-03-26 21:35:00+00:00,13.8,2002-03-27 06:58:00+00:00,0.0,,,9.1,,3.0,347.1,1437,654,126.3333,37.25
2002-03-28,9.1,4.5,2002-03-27 20:02:00+00:00,14.2,2002-03-28 03:42:00+00:00,0.0,,,6.2,,1.5,268.1,1435,654,126.3333,37.25
2002-03-29,9.4,5.3,2002-03-29 14:19:00+00:00,14.2,2002-03-29 03:48:00+00:00,0.0,,,8.6,,1.6,292.8,1439,654,126.3333,37.25
2002-03-30,5.7,3.7,2002-03-29 21:24:00+00:00,8.4,2002-03-30 05:11:00+00:00,9.5,,,7.3,,1.8,267.6,1437,654,126.3333,37.25
2002-03-31,7.2,5.6,2002-03-31 12:45:00+00:00,9.9,2002-03-31 03:10:00+00:00,0.0,,,6.2,,1.8,229.2,1437,654,126.3333,37.25
2002-04-01,9.8,4.5,2002-03-31 19:44:00+00:00,14.7,2002-04-01 05:42:00+00:00,0.0,,,5.7,,1.3,162.8,1440,654,126.3333,37.25
2002-04-02,12.7,7.9,2002-04-01 20:59:00+00:00,19.1,2002-04-02 06:26:00+00:00,0.0,,,4.3,,0.8,36.8,1424,654,126.3333,37.25
2002-04-03,13.0,6.2,2002-04-02 22:02:00+00:00,19.2,2002-04-03 07:56:00+00:00,0.0,,,10.1,,2.7,50.1,1437,654,126.3333,37.25
2002-04-04,11.6,8.1,2002-04-04 14:59:00+00:00,16.6,2002-04-04 02:12:00+00:00,0.0,,,8.8,,1.5,327.2,1436,654,126.3333,37.25
2002-04-05,14.3,8.1,2002-04-04 15:01:00+00:00,21.8,2002-04-05 04:41:00+00:00,4.5,,,13.5,,2.0,196.0,1433,654,126.3333,37.25
2002-04-06,9.5,7.4,2002-04-06 14:05:00+00:00,11.9,2002-04-05 23:41:00+00:00,27.5,,,14.7,,3.2,72.2,1440,654,126.3333,37.25
2002-04-07,7.5,6.8,2002-04-06 18:58:00+00:00,8.5,2002-04-07 02:27:00+00:00,0.0,,,9.8,,1.8,336.6,1438,654,126.3333,37.25
2002-04-08,8.0,6.2,2002-04-08 14:51:00+00:00,10.6,2002-04-08 05:55:00+00:00,0.0,,,12.7,,3.2,271.0,1439,654,126.3333,37.25
2002-04-09,7.3,5.3,2002-04-08 18:45:00+00:00,9.8,2002-04-09 04:09:00+00:00,0.0,,,11.1,,3.8,242.6,1437,654,126.3333,37.25
2002-04-10,7.7,5.3,2002-04-09 17:58:00+00:00,9.8,2002-04-10 07:18:00+00:00,0.0,,,9.7,,2.9,217.9,1440,654,126.3333,37.25
2002-04-11,8.4,5.1,2002-04-10 20:29:00+00:00,12.7,2002-04-11 06:51:00+00:00,0.0,,,4.2,,1.0,248.9,1438,654,126.3333,37.25
2002-04-12,8.7,7.5,2002-04-12 14:00:00+00:00,12.2,2002-04-12 04:27:00+00:00,5.5,,,13.9,,4.0,213.3,1399,654,126.3333,37.25
2002-04-13,,,,,,0.0,,,,,,,944,654,126.3333,37.25
2002-04-14,14.2,11.3,2002-04-13 16:18:00+00:00,16.2,2002-04-14 13:39:00+00:00,0.0,,,14.7,,6.1,224.6,1434,654,126.3333,37.25
2002-04-15,14.9,12.4,2002-04-15 10:23:00+00:00,17.2,2002-04-15 07:53:00+00:00,0.0,,,11.5,,2.1,192.4,1438,654,126.3333,37.25
2002-04-16,11.8,9.3,2002-04-16 05:31:00+00:00,17.1,2002-04-15 16:04:00+00:00,9.0,,,14.4,,2.9,330.9,1439,654,126.3333,37.25
2002-04-17,9.8,7.9,2002-04-17 14:55:00+00:00,12.3,2002-04-16 17:37:00+00:00,0.0,,,16.0,,5.5,252.5,1439,654,126.3333,37.25
2002-04-18,10.4,7.5,2002-04-18 14:16:00+00:00,13.9,2002-04-18 08:16:00+00:00,0.0,,,9.5,,2.9,268.1,1439,654,126.3333,37.25
2002-04-19,,6.5,2002-04-18 18:00:00+00:00,15.3,2002-04-19 08:36:00+00:00,0.0,,,5.8,,1.3,35.8,1203,654,126.3333,37.25
2002-04-20,12.5,7.4,2002-04-19 15:48:00+00:00,18.2,2002-04-20 04:43:00+00:00,0.0,,,5.8,,1.4,339.3,1439,654,126.3333,37.25
2002-04-21,14.0,9.7,2002-04-20 20:48:00+00:00,20.4,2002-04-21 06:05:00+00:00,0.0,,,6.4,,1.1,343.4,1438,654,126.3333,37.25
2002-04-22,16.4,10.5,2002-04-21 21:04:00+00:00,22.5,2002-04-22 07:44:00+00:00,0.0,,,8.2,,1.6,255.4,1430,654,126.3333,37.25
2002-04-23,12.7,10.0,2002-04-23 09:39:00+00:00,18.5,2002-04-23 04:44:00+00:00,0.0,,,12.0,,3.2,292.3,1440,654,126.3333,37.25
2002-04-24,9.7,7.5,2002-04-24 14:50:00+00:00,11.6,2002-04-24 02:34:00+00:00,0.0,,,15.4,,3.9,328.8,1437,654,126.3333,37.25
2002-04-25,10.2,7.4,2002-04-24 21:03:00+00:00,13.1,2002-04-25 04:49:00+00:00,0.0,,,10.1,,3.0,338.1,1436,654,126.3333,37.25
2002-04-26,12.3,7.9,2002-04-25 20:22:00+00:00,17.7,2002-04-26 07:20:00+00:00,0.0,,,6.0,,2.1,341.4,1440,654,126.3333,37.25
2002-04-27,13.7,10.1,2002-04-26 18:45:00+00:00,18.9,2002-04-27 06:50:00+00:00,0.0,,,9.1,,1.9,148.3,1440,654,126.3333,37.25
2002-04-28,15.3,10.1,2002-04-27 16:12:00+00:00,22.9,2002-04-28 05:55:00+00:00,0.0,,,7.8,,1.5,149.6,1434,654,126.3333,37.25
2002-04-29,12.7,11.2,2002-04-29 11:28:00+00:00,16.4,2002-04-28 17:24:00+00:00,47.5,,,10.9,,2.7,238.5,1434,654,126.3333,37.25
2002-04-30,12.5,10.7,2002-04-29 22:54:00+00:00,15.4,2002-04-30 11:54:00+00:00,21.0,,,9.0,,1.3,69.9,1439,654,126.3333,37.25
2002-05-01,17.1,12.4,2002-04-30 20:02:00+00:00,23.6,2002-05-01 07:10:00+00:00,0.0,,,9.4,,2.5,104.8,1440,654,126.3333,37.25
2002-05-02,16.8,10.0,2002-05-01 15:00:00+00:00,22.3,2002-05-02 06:34:00+00:00,2.5,,,9.9,,2.7,78.5,1431,654,126.3333,37.25
2002-05-03,13.7,10.0,2002-05-02 15:01:00+00:00,16.6,2002-05-03 03:54:00+00:00,8.0,,,7.3,,1.2,312.0,1436,654,126.3333,37.25
2002-05-04,16.1,12.0,2002-05-04 13:05:00+00:00,21.2,2002-05-04 05:21:00+00:00,0.0,,,8.3,,2.3,303.4,1437,654,126.3333,37.25
2002-05-05,17.3,14.5,2002-05-04 18:55:00+00:00,21.0,2002-05-05 07:55:00+00:00,0.0,,,5.6,,1.6,347.7,1438,654,126.3333,37.25
2002-05-06,14.3,10.4,2002-05-06 14:11:00+00:00,18.0,2002-05-05 16:30:00+00:00,8.5,,,11.7,,3.0,79.1,1437,654,126.3333,37.25
2002-05-07,11.3,9.9,2002-05-06 18:07:00+00:00,12.4,2002-05-07 13:15:00+00:00,46.5,,,13.4,,4.4,84.0,1437,654,126.3333,37.25
2002-05-08,14.3,10.8,2002-05-07 20:28:00+00:00,19.5,2002-05-08 06:16:00+00:00,0.0,,,8.2,,2.3,66.2,1439,654,126.3333,37.25
2002-05-09,13.8,10.5,2002-05-08 19:07:00+00:00,18.6,2002-05-09 03:17:00+00:00,0.0,,,7.3,,1.2,313.7,1440,654,126.3333,37.25
2002-05-10,13.0,10.0,2002-05-09 20:08:00+00:00,17.8,2002-05-10 06:22:00+00:00,0.0,,,6.4,,1.1,313.5,1434,654,126.3333,37.25
2002-05-11,10.5,8.7,2002-05-10 21:08:00+00:00,13.9,2002-05-11 06:58:00+00:00,0.0,,,4.8,,1.6,322.7,1440,654,126.3333,37.25
2002-05-12,11.0,9.0,2002-05-11 20:13:00+00:00,13.5,2002-05-12 05:10:00+00:00,0.0,,,5.3,,1.6,294.0,1440,654,126.3333,37.25
2002-05-13,12.8,10.0,2002-05-12 18:17:00+00:00,17.8,2002-05-13 05:41:00+00:00,0.0,,,4.7,,1.1,334.4,1440,654,126.3333,37.25
2002-05-14,17.0,10.7,2002-05-13 17:22:00+00:00,22.3,2002-05-14 07:34:00+00:00,0.0,,,5.1,,0.5,303.5,1437,654,126.3333,37.25
2002-05-15,15.6,13.7,2002-05-15 13:26:00+00:00,18.9,2002-05-15 02:45:00+00:00,6.5,,,13.5,,3.3,70.5,1438,654,126.3333,37.25
2002-05-16,14.2,12.6,2002-05-16 13:44:00+00:00,16.1,2002-05-16 01:24:00+00:00,9.0,,,10.5,,2.5,23.9,1440,654,126.3333,37.25
2002-05-17,13.8,11.6,2002-05-16 19:12:00+00:00,15.4,2002-05-17 09:05:00+00:00,1.0,,,9.0,,2.9,79.7,1436,654,126.3333,37.25
2002-05-18,15.2,12.2,2002-05-18 14:56:00+00:00,19.4,2002-05-18 04:37:00+00:00,0.0,,,9.6,,2.4,264.4,1437,654,126.3333,37.25
2002-05-19,13.2,10.5,2002-05-18 20:52:00+00:00,17.4,2002-05-19 06:01:00+00:00,0.0,,,5.8,,1.5,239.1,1436,654,126.3333,37.25
2002-05-20,14.6,11.3,2002-05-19 15:01:00+00:00,18.6,2002-05-20 05:02:00+00:00,0.0,,,6.2,,1.0,332.6,1440,654,126.3333,37.25
2002-05-21,16.0,12.2,2002-05-20 16:54:00+00:00,19.1,2002-05-21 04:33:00+00:00,0.0,,,5.1,,0.9,236.8,1435,654,126.3333,37.25
2002-05-22,17.0,14.1,2002-05-21 16:57:00+00:00,19.3,2002-05-22 12:06:00+00:00,0.0,,,10.2,,2.3,317.1,1437,654,126.3333,37.25
2002-05-23,19.0,13.7,2002-05-22 20:46:00+00:00,24.7,2002-05-23 02:36:00+00:00,0.0,,,12.4,,2.9,298.0,1437,654,126.3333,37.25
2002-05-24,17.3,13.5,2002-05-23 21:12:00+00:00,20.3,2002-05-23 23:07:00+00:00,0.0,,,11.4,,3.0,267.6,1435,654,126.3333,37.25
2002-05-25,16.5,13.5,2002-05-24 20:20:00+00:00,20.2,2002-05-25 05:33:00+00:00,0.0,,,9.0,,1.6,237.3,1439,654,126.3333,37.25
2002-05-26,17.0,14.4,2002-05-25 19:03:00+00:00,21.2,2002-05-26 02:21:00+00:00,0.0,,,12.0,,2.8,318.4,1436,654,126.3333,37.25
2002-05-27,16.5,12.4,2002-05-26 16:40:00+00:00,21.6,2002-05-27 03:41:00+00:00,0.0,,,6.3,,1.8,143.3,1439,654,126.3333,37.25
2002-05-28,16.1,12.5,2002-05-27 20:29:00+00:00,21.1,2002-05-28 02:04:00+00:00,0.0,,,5.0,,0.9,253.5,1424,654,126.3333,37.25
2002-05-29,16.6,12.9,2002-05-28 19:16:00+00:00,22.4,2002-05-29 05:07:00+00:00,0.0,,,5.3,,0.9,239.6,1427,654,126.3333,37.25
2002-05-30,15.8,13.5,2002-05-29 15:09:00+00:00,18.5,2002-05-30 01:28:00+00:00,0.0,,,9.0,,2.5,234.8,1407,654,126.3333,37.25
2002-05-31,15.3,14.1,2002-05-30 17:28:00+00:00,19.5,2002-05-31 05:18:00+00:00,0.0,,,8.9,,1.7,259.4,1440,654,126.3333,37.25
2002-06-01,16.0,14.3,2002-05-31 15:55:00+00:00,21.5,2002-06-01 05:37:00+00:00,1.0,,,5.9,,0.8,289.2,1432,654,126.3333,37.25
2002-06-02,19.2,14.0,2002-06-01 15:30:00+00:00,26.0,2002-06-02 04:48:00+00:00,0.0,,,10.0,,2.4,302.6,1429,654,126.3333,37.25
2002-06-03,18.5,14.2,2002-06-02 19:53:00+00:00,24.9,2002-06-03 06:10:00+00:00,0.0,,,5.1,,1.1,52.2,1440,654,126.3333,37.25
2002-06-04,19.0,16.2,2002-06-03 15:45:00+00:00,24.7,2002-06-04 06:03:00+00:00,2.0,,,10.1,,0.8,273.2,1431,654,126.3333,37.25
2002-06-05,21.4,15.7,2002-06-04 15:14:00+00:00,28.0,2002-06-05 07:32:00+00:00,0.0,,,4.4,,0.7,31.0,1436,654,126.3333,37.25
2002-06-06,22.0,16.5,2002-06-05 17:40:00+00:00,28.8,2002-06-06 06:15:00+00:00,0.0,,,4.6,,0.8,295.2,1437,654,126.3333,37.25
2002-06-07,20.6,17.0,2002-06-06 17:48:00+00:00,24.9,2002-06-07 07:03:00+00:00,0.0,,,4.2,,0.8,254.0,1440,654,126.3333,37.25
2002-06-08,18.2,15.2,2002-06-08 14:52:00+00:00,21.4,2002-06-08 04:34:00+00:00,0.0,,,4.5,,0.6,274.2,1440,654,126.3333,37.25
2002-06-09,18.0,13.9,2002-06-08 19:39:00+00:00,21.6,2002-06-09 03:05:00+00:00,0.0,,,4.6,,0.6,254.3,1433,654,126.3333,37.25
2002-06-10,19.0,16.8,2002-06-10 11:44:00+00:00,21.4,2002-06-10 02:59:00+00:00,16.0,,,13.0,,2.5,234.1,1433,654,126.3333,37.25
2002-06-11,18.3,15.8,2002-06-10 22:44:00+00:00,21.4,2002-06-11 03:55:00+00:00,0.5,,,7.1,,1.8,265.9,1440,654,126.3333,37.25
2002-06-12,17.8,14.9,2002-06-12 14:58:00+00:00,21.1,2002-06-12 00:59:00+00:00,0.5,,,11.0,,2.1,191.8,1432,654,126.3333,37.25
2002-06-13,,,,,,0.0,,,,,,,870,654,126.3333,37.25
2002-06-14,,,,,,0.0,,,,,,,896,654,126.3333,37.25
2002-06-15,18.2,14.7,2002-06-14 19:27:00+00:00,22.3,2002-06-15 05:05:00+00:00,0.0,,,5.4,,0.9,261.2,1417,654,126.3333,37.25
2002-06-16,19.8,15.8,2002-06-15 17:33:00+00:00,25.7,2002-06-16 06:10:00+00:00,0.0,,,4.6,,0.9,335.3,1433,654,126.3333,37.25
2002-06-17,20.0,16.1,2002-06-16 19:06:00+00:00,25.7,2002-06-17 04:59:00+00:00,0.0,,,7.2,,1.3,316.8,1429,654,126.3333,37.25
2002-06-18,18.8,16.2,2002-06-17 18:31:00+00:00,22.6,2002-06-18 07:24:00+00:00,0.0,,,5.2,,1.0,268.6,1426,654,126.3333,37.25
2002-06-19,19.8,17.8,2002-06-18 15:14:00+00:00,21.8,2002-06-19 08:33:00+00:00,1.0,,,7.5,,1.5,73.3,1429,654,126.3333,37.25
2002-06-20,18.8,16.4,2002-06-19 15:00:00+00:00,22.3,2002-06-20 07:11:00+00:00,10.0,,,7.5,,1.1,59.4,1430,654,126.3333,37.25
2002-06-21,20.2,15.8,2002-06-20 20:12:00+00:00,24.5,2002-06-21 05:42:00+00:00,0.0,,,7.7,,1.9,322.2,1432,654,126.3333,37.25
2002-06-22,21.7,18.9,2002-06-21 18:29:00+00:00,26.7,2002-06-22 06:05:00+00:00,0.0,,,11.5,,2.2,85.1,1431,654,126.3333,37.25
2002-06-23,18.2,17.2,2002-06-23 13:26:00+00:00,19.9,2002-06-22 15:01:00+00:00,6.5,,,9.3,,2.1,72.6,1432,654,126.3333,37.25
2002-06-24,16.7,15.2,2002-06-24 06:59:00+00:00,18.6,2002-06-24 00:09:00+00:00,7.5,,,10.8,,2.5,36.3,1429,654,126.3333,37.25
2002-06-25,19.5,16.1,2002-06-24 20:34:00+00:00,23.3,2002-06-25 06:41:00+00:00,0.0,,,9.3,,2.6,30.0,1431,654,126.3333,37.25
2002-06-26,19.0,15.4,2002-06-25 20:05:00+00:00,23.5,2002-06-26 07:51:00+00:00,0.0,,,8.5,,2.4,303.0,1431,654,126.3333,37.25
2002-06-27,18.8,15.3,2002-06-26 20:41:00+00:00,22.4,2002-06-27 07:24:00+00:00,0.0,,,6.7,,1.6,261.3,1431,654,126.3333,37.25
2002-06-28,20.4,15.0,2002-06-27 20:53:00+00:00,26.0,2002-06-28 06:21:00+00:00,0.0,,,8.5,,1.7,291.1,1420,654,126.3333,37.25
2002-06-29,22.1,17.0,2002-06-28 18:15:00+00:00,27.6,2002-06-29 05:44:00+00:00,4.5,,,4.9,,1.2,139.1,1428,654,126.3333,37.25
2002-06-30,,,,,,0.0,,,,,,,1088,654,126.3333,37.25
2002-07-01,22.2,19.2,2002-06-30 20:00:00+00:00,26.2,2002-07-01 03:36:00+00:00,0.0,,,5.1,,0.9,30.0,1432,654,126.3333,37.25
2002-07-02,21.7,18.6,2002-07-02 14:54:00+00:00,26.7,2002-07-02 07:04:00+00:00,3.0,,,5.5,,1.0,277.0,1436,654,126.3333,37.25
2002-07-03,21.7,17.4,2002-07-02 20:13:00+00:00,27.4,2002-07-03 07:46:00+00:00,0.0,,,3.7,,0.8,12.7,1378,654,126.3333,37.25
2002-07-04,24.3,19.4,2002-07-03 17:08:00+00:00,30.2,2002-07-04 07:46:00+00:00,0.0,,,5.1,,1.3,30.8,1419,654,126.3333,37.25
2002-07-05,22.7,20.7,2002-07-05 14:42:00+00:00,25.3,2002-07-05 00:09:00+00:00,55.5,,,15.5,,4.1,55.4,1430,654,126.3333,37.25
2002-07-06,20.7,19.4,2002-07-06 14:32:00+00:00,23.3,2002-07-06 10:19:00+00:00,53.5,,,14.7,,2.9,66.7,1424,654,126.3333,37.25
2002-07-07,20.4,18.2,2002-07-06 16:18:00+00:00,23.3,2002-07-07 07:24:00+00:00,0.0,,,9.2,,2.4,257.1,1435,654,126.3333,37.25
2002-07-08,21.4,19.1,2002-07-07 17:17:00+00:00,24.5,2002-07-08 03:52:00+00:00,0.0,,,5.6,,1.8,256.3,1426,654,126.3333,37.25
2002-07-09,22.6,19.4,2002-07-08 18:22:00+00:00,26.7,2002-07-09 06:34:00+00:00,0.0,,,6.6,,1.4,315.1,1377,654,126.3333,37.25
2002-07-10,23.6,20.7,2002-07-09 19:53:00+00:00,27.6,2002-07-10 02:49:00+00:00,0.0,,,9.5,,2.7,307.4,1424,654,126.3333,37.25
2002-07-11,21.9,19.5,2002-07-11 13:45:00+00:00,24.8,2002-07-11 06:50:00+00:00,0.0,,,4.8,,1.5,245.8,1423,654,126.3333,37.25
2002-07-12,21.7,19.5,2002-07-11 15:03:00+00:00,24.7,2002-07-12 05:17:00+00:00,0.0,,,5.6,,1.6,184.5,1437,654,126.3333,37.25
2002-07-13,21.6,20.4,2002-07-12 23:08:00+00:00,23.2,2002-07-13 03:14:00+00:00,1.0,,,7.3,,1.6,255.1,1434,654,126.3333,37.25
2002-07-14,21.3,19.8,2002-07-14 00:58:00+00:00,22.4,2002-07-13 15:23:00+00:00,19.5,,,5.8,,1.4,175.2,1438,654,126.3333,37.25
2002-07-15,21.4,20.4,2002-07-15 02:16:00+00:00,23.9,2002-07-15 05:00:00+00:00,0.0,,,7.3,,2.3,201.6,1435,654,126.3333,37.25
2002-07-16,21.7,19.7,2002-07-15 21:56:00+00:00,24.2,2002-07-16 06:38:00+00:00,0.0,,,6.5,,1.9,265.5,1436,654,126.3333,37.25
2002-07-17,20.9,19.3,2002-07-16 20:51:00+00:00,24.2,2002-07-17 06:39:00+00:00,0.0,,,6.7,,1.6,265.2,1434,654,126.3333,37.25
2002-07-18,22.8,19.5,2002-07-17 18:17:00+00:00,27.9,2002-07-18 08:15:00+00:00,0.0,,,5.9,,1.7,28.3,1434,654,126.3333,37.25
2002-07-19,21.2,20.2,2002-07-19 14:40:00+00:00,23.8,2002-07-18 19:03:00+00:00,12.0,,,9.5,,2.0,36.7,1432,654,126.3333,37.25
2002-07-20,21.9,18.6,2002-07-19 19:02:00+00:00,24.8,2002-07-20 08:20:00+00:00,0.0,,,4.5,,1.0,190.3,1435,654,126.3333,37.25
2002-07-21,23.6,21.4,2002-07-20 17:30:00+00:00,26.3,2002-07-21 05:28:00+00:00,0.0,,,4.1,,0.9,259.8,1434,654,126.3333,37.25
2002-07-22,23.0,21.8,2002-07-21 21:22:00+00:00,26.0,2002-07-22 03:18:00+00:00,2.5,,,8.1,,1.5,68.9,1430,654,126.3333,37.25
2002-07-23,22.0,21.0,2002-07-23 05:12:00+00:00,23.5,2002-07-23 12:27:00+00:00,24.5,,,12.0,,2.1,182.7,1428,654,126.3333,37.25
2002-07-24,23.8,21.2,2002-07-23 16:51:00+00:00,26.0,2002-07-24 03:55:00+00:00,0.0,,,11.2,,2.5,209.0,1432,654,126.3333,37.25
2002-07-25,25.0,21.7,2002-07-24 19:38:00+00:00,31.0,2002-07-25 07:11:00+00:00,0.0,,,6.8,,1.6,297.5,1438,654,126.3333,37.25
2002-07-26,27.1,23.0,2002-07-25 17:17:00+00:00,31.2,2002-07-26 04:30:00+00:00,0.0,,,9.7,,2.9,27.1,1431,654,126.3333,37.25
2002-07-27,28.7,24.5,2002-07-26 20:45:00+00:00,33.2,2002-07-27 08:51:00+00:00,1.0,,,11.1,,3.4,38.1,1435,654,126.3333,37.25
2002-07-28,28.4,23.8,2002-07-28 13:46:00+00:00,34.4,2002-07-28 07:41:00+00:00,0.0,,,10.5,,2.7,66.9,1438,654,126.3333,37.25
2002-07-29,24.0,22.3,2002-07-29 12:42:00+00:00,27.2,2002-07-29 06:29:00+00:00,0.0,,,2.8,,0.5,274.7,1431,654,126.3333,37.25
2002-07-30,24.3,21.8,2002-07-29 21:13:00+00:00,28.3,2002-07-30 08:00:00+00:00,0.0,,,4.7,,1.2,277.4,1438,654,126.3333,37.25
2002-07-31,24.0,22.2,2002-07-30 22:46:00+00:00,26.7,2002-07-31 02:57:00+00:00,0.5,,,7.4,,1.3,265.0,1435,654,126.3333,37.25
2002-08-01,23.2,22.2,2002-08-01 10:51:00+00:00,24.7,2002-08-01 03:06:00+00:00,0.0,,,6.7,,1.1,236.3,1433,654,126.3333,37.25
2002-08-02,23.7,22.2,2002-08-01 18:44:00+00:00,26.7,2002-08-02 04:17:00+00:00,0.0,,,5.6,,1.2,238.3,1435,654,126.3333,37.25
2002-08-03,24.3,21.4,2002-08-02 23:26:00+00:00,27.6,2002-08-03 04:34:00+00:00,9.5,,,7.9,,1.1,337.8,1431,654,126.3333,37.25
2002-08-04,24.5,22.6,2002-08-03 23:35:00+00:00,26.0,2002-08-04 04:14:00+00:00,9.0,,,11.9,,2.1,202.5,1435,654,126.3333,37.25
2002-08-05,24.9,23.9,2002-08-04 23:53:00+00:00,26.8,2002-08-05 08:09:00+00:00,0.5,,,15.6,,6.0,215.5,1431,654,126.3333,37.25
2002-08-06,22.1,20.5,2002-08-06 11:20:00+00:00,24.8,2002-08-05 15:56:00+00:00,61.0,,,12.3,,3.8,63.9,1429,654,126.3333,37.25
2002-08-07,22.3,21.0,2002-08-06 15:19:00+00:00,24.5,2002-08-07 07:11:00+00:00,158.5,,,9.9,,2.4,64.1,1436,654,126.3333,37.25
2002-08-08,23.8,20.5,2002-08-07 20:20:00+00:00,27.1,2002-08-08 05:56:00+00:00,0.5,,,9.5,,1.9,314.1,1437,654,126.3333,37.25
2002-08-09,24.7,21.3,2002-08-08 20:40:00+00:00,28.0,2002-08-09 05:39:00+00:00,0.0,,,5.8,,1.2,64.5,1437,654,126.3333,37.25
2002-08-10,21.8,20.2,2002-08-09 15:00:00+00:00,24.2,2002-08-09 15:01:00+00:00,10.5,,,8.4,,2.4,58.7,1436,654,126.3333,37.25
2002-08-11,21.3,19.7,2002-08-10 17:08:00+00:00,23.5,2002-08-11 04:22:00+00:00,1.0,,,9.8,,3.0,48.4,1439,654,126.3333,37.25
2002-08-12,21.7,20.4,2002-08-11 16:46:00+00:00,23.7,2002-08-12 05:50:00+00:00,0.5,,,6.6,,1.5,145.2,1438,654,126.3333,37.25
2002-08-13,22.1,20.3,2002-08-13 14:51:00+00:00,25.3,2002-08-13 07:24:00+00:00,0.0,,,4.6,,1.1,259.1,1438,654,126.3333,37.25
2002-08-14,21.2,19.6,2002-08-14 11:20:00+00:00,24.1,2002-08-14 04:44:00+00:00,0.0,,,3.0,,0.7,169.5,1438,654,126.3333,37.25
2002-08-15,22.5,19.7,2002-08-14 15:01:00+00:00,25.4,2002-08-15 06:42:00+00:00,0.0,,,5.9,,1.7,337.7,1440,654,126.3333,37.25
2002-08-16,23.5,21.7,2002-08-15 21:07:00+00:00,26.0,2002-08-16 04:47:00+00:00,0.0,,,6.5,,1.6,65.4,1439,654,126.3333,37.25
2002-08-17,22.6,21.6,2002-08-16 22:11:00+00:00,23.9,2002-08-17 08:21:00+00:00,3.0,,,6.1,,2.4,72.1,1439,654,126.3333,37.25
2002-08-18,24.3,22.6,2002-08-17 19:15:00+00:00,27.6,2002-08-18 03:11:00+00:00,0.0,,,6.7,,1.7,50.3,1436,654,126.3333,37.25
2002-08-19,22.4,20.6,2002-08-18 22:10:00+00:00,24.5,2002-08-19 07:07:00+00:00,0.0,,,8.6,,2.8,53.8,1432,654,126.3333,37.25
2002-08-20,23.6,21.0,2002-08-19 20:35:00+00:00,27.6,2002-08-20 05:43:00+00:00,0.0,,,6.9,,1.9,57.6,1440,654,126.3333,37.25
2002-08-21,22.9,20.9,2002-08-20 19:22:00+00:00,26.3,2002-08-21 05:34:00+00:00,0.0,,,4.0,,0.9,256.1,1434,654,126.3333,37.25
2002-08-22,22.3,21.5,2002-08-21 21:13:00+00:00,23.5,2002-08-22 09:59:00+00:00,6.5,,,10.4,,2.2,197.7,1382,654,126.3333,37.25
2002-08-23,,,,,,0.0,,,,,,,921,654,126.3333,37.25
2002-08-24,22.7,19.5,2002-08-24 14:05:00+00:00,26.0,2002-08-24 06:36:00+00:00,0.0,,,6.8,,1.5,257.4,1440,654,126.3333,37.25
2002-08-25,22.7,19.0,2002-08-24 20:59:00+00:00,27.5,2002-08-25 06:42:00+00:00,0.0,,,3.8,,0.9,188.4,1438,654,126.3333,37.25
2002-08-26,25.0,20.5,2002-08-25 20:19:00+00:00,29.5,2002-08-26 05:44:00+00:00,1.5,,,8.1,,1.3,76.8,1434,654,126.3333,37.25
2002-08-27,23.6,21.5,2002-08-27 14:52:00+00:00,26.0,2002-08-26 20:00:00+00:00,14.5,,,13.7,,2.9,247.4,1437,654,126.3333,37.25
2002-08-28,23.4,20.9,2002-08-27 16:16:00+00:00,27.1,2002-08-28 05:24:00+00:00,0.0,,,4.3,,1.2,27.2,1439,654,126.3333,37.25
2002-08-29,26.4,23.0,2002-08-28 18:39:00+00:00,30.3,2002-08-29 03:57:00+00:00,0.0,,,5.7,,1.8,49.7,1440,654,126.3333,37.25
2002-08-30,24.8,23.4,2002-08-30 00:33:00+00:00,26.8,2002-08-29 15:22:00+00:00,1.0,,,7.5,,2.5,62.2,1437,654,126.3333,37.25
2002-08-31,22.3,19.5,2002-08-31 11:54:00+00:00,24.3,2002-08-30 15:01:00+00:00,57.0,,,20.4,,3.8,75.1,1439,654,126.3333,37.25
2002-09-01,23.4,19.6,2002-08-31 15:16:00+00:00,26.8,2002-09-01 03:56:00+00:00,24.0,,,17.6,,4.1,333.8,1439,654,126.3333,37.25
2002-09-02,24.0,22.3,2002-09-01 20:33:00+00:00,26.5,2002-09-02 08:15:00+00:00,0.0,,,6.1,,1.6,192.5,1439,654,126.3333,37.25
2002-09-03,25.3,22.9,2002-09-02 21:06:00+00:00,28.7,2002-09-03 05:35:00+00:00,0.0,,,4.3,,1.4,32.7,1440,654,126.3333,37.25
2002-09-04,25.1,22.9,2002-09-03 21:41:00+00:00,29.2,2002-09-04 06:43:00+00:00,0.0,,,7.4,,2.4,61.2,1439,654,126.3333,37.25
2002-09-05,22.7,19.3,2002-09-05 14:54:00+00:00,25.5,2002-09-05 03:20:00+00:00,1.5,,,8.9,,1.7,327.5,1437,654,126.3333,37.25
2002-09-06,21.6,18.9,2002-09-05 16:50:00+00:00,26.0,2002-09-06 04:58:00+00:00,0.0,,,10.3,,2.8,51.4,1438,654,126.3333,37.25
2002-09-07,22.3,19.2,2002-09-06 18:54:00+00:00,26.7,2002-09-07 06:34:00+00:00,0.0,,,8.7,,2.5,94.2,1438,654,126.3333,37.25
2002-09-08,22.6,20.1,2002-09-07 21:18:00+00:00,26.0,2002-09-08 06:49:00+00:00,0.0,,,7.2,,2.1,76.5,1440,654,126.3333,37.25
2002-09-09,22.9,21.1,2002-09-09 13:58:00+00:00,25.3,2002-09-09 03:10:00+00:00,0.0,,,6.2,,1.8,324.0,1440,654,126.3333,37.25
2002-09-10,23.2,20.7,2002-09-09 17:28:00+00:00,27.6,2002-09-10 05:48:00+00:00,0.0,,,6.2,,1.2,143.1,1438,654,126.3333,37.25
2002-09-11,22.4,20.5,2002-09-10 18:37:00+00:00,26.0,2002-09-11 05:48:00+00:00,0.0,,,7.1,,1.4,271.9,1437,654,126.3333,37.25
2002-09-12,20.7,17.4,2002-09-12 12:58:00+00:00,23.7,2002-09-12 03:57:00+00:00,0.0,,,6.2,,1.3,40.9,1436,654,126.3333,37.25
2002-09-13,19.3,17.0,2002-09-12 16:29:00+00:00,21.6,2002-09-13 05:16:00+00:00,0.0,,,5.2,,1.0,77.8,1437,654,126.3333,37.25
2002-09-14,20.6,18.6,2002-09-13 16:42:00+00:00,23.7,2002-09-14 05:51:00+00:00,0.0,,,6.3,,1.1,128.4,1437,654,126.3333,37.25
2002-09-15,18.5,17.0,2002-09-15 10:38:00+00:00,20.1,2002-09-14 17:56:00+00:00,3.5,,,7.4,,1.8,198.6,1439,654,126.3333,37.25
2002-09-16,19.3,17.2,2002-09-15 16:43:00+00:00,20.9,2002-09-16 06:59:00+00:00,0.0,,,8.1,,1.7,54.5,1439,654,126.3333,37.25
2002-09-17,20.5,17.6,2002-09-16 19:18:00+00:00,24.4,2002-09-17 07:04:00+00:00,0.0,,,6.9,,2.3,65.2,1438,654,126.3333,37.25
2002-09-18,21.0,17.8,2002-09-17 19:45:00+00:00,25.3,2002-09-18 06:09:00+00:00,0.0,,,4.5,,1.3,130.9,1440,654,126.3333,37.25
2002-09-19,21.2,18.3,2002-09-18 20:21:00+00:00,25.2,2002-09-19 05:47:00+00:00,0.0,,,5.5,,1.5,301.7,1438,654,126.3333,37.25
2002-09-20,20.5,18.2,2002-09-19 20:20:00+00:00,22.9,2002-09-20 06:33:00+00:00,0.0,,,4.2,,1.1,32.7,1439,654,126.3333,37.25
2002-09-21,20.1,17.8,2002-09-20 19:35:00+00:00,22.7,2002-09-21 04:23:00+00:00,0.0,,,4.8,,1.2,7.5,1440,654,126.3333,37.25
2002-09-22,20.1,17.4,2002-09-21 21:00:00+00:00,23.6,2002-09-22 06:26:00+00:00,0.0,,,9.5,,2.1,342.1,1440,654,126.3333,37.25
2002-09-23,21.0,17.8,2002-09-22 21:00:00+00:00,23.8,2002-09-23 03:00:00+00:00,0.0,,,5.7,,1.9,304.2,1430,654,126.3333,37.25
2002-09-24,20.5,16.8,2002-09-23 21:04:00+00:00,23.5,2002-09-24 04:42:00+00:00,0.0,,,5.6,,1.7,246.3,1434,654,126.3333,37.25
2002-09-25,20.9,17.8,2002-09-24 18:36:00+00:00,26.4,2002-09-25 06:49:00+00:00,0.0,,,5.9,,1.3,159.3,1425,654,126.3333,37.25
2002-09-26,21.3,18.8,2002-09-25 21:39:00+00:00,26.0,2002-09-26 05:15:00+00:00,0.0,,,6.1,,1.7,134.8,1390,654,126.3333,37.25
2002-09-27,20.7,18.5,2002-09-26 20:06:00+00:00,23.6,2002-09-27 05:35:00+00:00,0.0,,,7.3,,2.0,142.3,1433,654,126.3333,37.25
2002-09-28,19.9,17.6,2002-09-27 20:56:00+00:00,23.4,2002-09-28 06:22:00+00:00,2.0,,,7.8,,2.1,69.0,1436,654,126.3333,37.25
2002-09-29,19.3,16.6,2002-09-29 00:56:00+00:00,21.5,2002-09-29 03:18:00+00:00,4.5,,,7.1,,1.6,195.0,1435,654,126.3333,37.25
2002-09-30,18.8,16.0,2002-09-29 20:06:00+00:00,22.6,2002-09-30 05:48:00+00:00,0.0,,,5.2,,1.1,293.5,1431,654,126.3333,37.25
2002-10-01,19.8,17.0,2002-09-30 17:00:00+00:00,22.3,2002-10-01 03:39:00+00:00,0.0,,,6.9,,2.0,250.8,1421,654,126.3333,37.25
2002-10-02,17.9,14.9,2002-10-01 18:55:00+00:00,20.2,2002-10-01 15:14:00+00:00,6.5,,,15.0,,3.7,300.7,1422,654,126.3333,37.25
2002-10-03,18.1,13.7,2002-10-03 14:11:00+00:00,21.7,2002-10-03 03:06:00+00:00,0.0,,,20.6,,4.0,262.0,1436,654,126.3333,37.25
2002-10-04,16.1,11.5,2002-10-03 21:14:00+00:00,19.8,2002-10-04 05:06:00+00:00,0.0,,,7.5,,1.6,335.9,1438,654,126.3333,37.25
2002-10-05,17.5,14.9,2002-10-04 15:51:00+00:00,21.4,2002-10-05 04:27:00+00:00,6.0,,,10.9,,1.9,226.0,1434,654,126.3333,37.25
2002-10-06,17.6,14.9,2002-10-05 21:30:00+00:00,20.3,2002-10-06 05:59:00+00:00,7.0,,,10.9,,2.6,323.3,1440,654,126.3333,37.25
2002-10-07,15.8,13.7,2002-10-06 15:00:00+00:00,18.1,2002-10-07 05:29:00+00:00,0.0,,,10.8,,3.0,302.0,1422,654,126.3333,37.25
2002-10-08,14.1,11.9,2002-10-07 21:49:00+00:00,16.6,2002-10-08 06:51:00+00:00,0.0,,,9.8,,2.3,320.8,1431,654,126.3333,37.25
2002-10-09,15.2,12.5,2002-10-08 16:34:00+00:00,18.2,2002-10-09 06:06:00+00:00,0.0,,,6.7,,1.2,324.6,1403,654,126.3333,37.25
2002-10-10,16.3,13.7,2002-10-09 21:04:00+00:00,19.8,2002-10-10 04:45:00+00:00,0.0,,,5.5,,1.2,77.3,1394,654,126.3333,37.25
2002-10-11,17.5,14.0,2002-10-10 15:28:00+00:00,20.5,2002-10-11 04:03:00+00:00,0.0,,,5.6,,1.4,241.5,1437,654,126.3333,37.25
2002-10-12,18.1,15.4,2002-10-11 21:46:00+00:00,21.5,2002-10-12 05:16:00+00:00,0.0,,,6.1,,1.5,141.5,1358,654,126.3333,37.25
2002-10-13,18.3,15.4,2002-10-13 13:38:00+00:00,21.2,2002-10-13 06:12:00+00:00,0.0,,,8.1,,2.4,271.1,1322,654,126.3333,37.25
2002-10-14,16.7,12.8,2002-10-13 18:36:00+00:00,19.4,2002-10-14 04:01:00+00:00,0.0,,,9.6,,2.0,181.9,1414,654,126.3333,37.25
2002-10-15,15.2,12.6,2002-10-15 14:38:00+00:00,17.8,2002-10-15 04:21:00+00:00,13.5,,,14.4,,3.7,259.3,1439,654,126.3333,37.25
2002-10-16,15.8,11.5,2002-10-15 21:23:00+00:00,18.7,2002-10-16 05:14:00+00:00,0.0,,,6.8,,1.5,224.5,1433,654,126.3333,37.25
2002-10-17,17.5,14.7,2002-10-16 17:51:00+00:00,20.8,2002-10-17 07:02:00+00:00,0.0,,,5.2,,1.5,62.6,1438,654,126.3333,37.25
2002-10-18,17.9,15.7,2002-10-17 21:05:00+00:00,19.7,2002-10-18 03:16:00+00:00,0.0,,,7.6,,1.1,49.8,1437,654,126.3333,37.25
2002-10-19,16.3,14.6,2002-10-19 13:22:00+00:00,18.6,2002-10-18 15:06:00+00:00,0.0,,,13.3,,3.9,42.6,1437,654,126.3333,37.25
2002-10-20,14.1,12.7,2002-10-19 21:31:00+00:00,15.4,2002-10-20 07:31:00+00:00,0.0,,,10.4,,2.9,53.8,1440,654,126.3333,37.25
2002-10-21,11.8,6.9,2002-10-21 14:51:00+00:00,14.7,2002-10-20 15:51:00+00:00,0.5,,,12.5,,2.8,304.7,1436,654,126.3333,37.25
2002-10-22,6.4,4.7,2002-10-21 21:58:00+00:00,8.4,2002-10-22 04:54:00+00:00,0.0,,,15.4,,4.0,334.6,1440,654,126.3333,37.25
2002-10-23,8.7,5.6,2002-10-22 22:26:00+00:00,11.5,2002-10-23 05:43:00+00:00,0.0,,,8.2,,1.4,341.7,1439,654,126.3333,37.25
2002-10-24,11.6,7.1,2002-10-23 21:37:00+00:00,15.8,2002-10-24 05:05:00+00:00,3.5,,,12.3,,2.5,311.4,1420,654,126.3333,37.25
2002-10-25,9.6,7.2,2002-10-25 14:57:00+00:00,12.2,2002-10-24 15:14:00+00:00,3.0,,,9.2,,1.7,329.7,1438,654,126.3333,37.25
2002-10-26,8.1,6.3,2002-10-25 17:42:00+00:00,11.0,2002-10-26 05:01:00+00:00,3.0,,,14.9,,3.9,281.2,1435,654,126.3333,37.25
2002-10-27,6.0,5.1,2002-10-27 10:52:00+00:00,7.9,2002-10-27 04:19:00+00:00,0.0,,,13.4,,3.7,319.7,1437,654,126.3333,37.25
2002-10-28,5.6,3.1,2002-10-27 21:22:00+00:00,8.5,2002-10-28 04:24:00+00:00,0.0,,,11.5,,3.6,315.0,1438,654,126.3333,37.25
2002-10-29,7.0,4.7,2002-10-28 20:40:00+00:00,9.7,2002-10-29 07:16:00+00:00,0.0,,,8.7,,2.1,331.4,1351,654,126.3333,37.25
2002-10-30,8.8,5.2,2002-10-29 22:26:00+00:00,11.3,2002-10-30 05:12:00+00:00,0.0,,,6.8,,1.6,314.9,1329,654,126.3333,37.25
2002-10-31,11.8,8.8,2002-10-31 14:57:00+00:00,15.7,2002-10-31 03:59:00+00:00,0.0,,,11.1,,1.8,334.3,1438,654,126.3333,37.25
2002-11-01,5.7,4.0,2002-11-01 14:08:00+00:00,8.8,2002-10-31 15:01:00+00:00,0.0,,,15.4,,4.4,334.3,1395,654,126.3333,37.25
2002-11-02,5.8,3.7,2002-11-01 21:50:00+00:00,7.8,2002-11-02 11:33:00+00:00,2.0,,,11.5,,2.4,250.0,1438,654,126.3333,37.25
2002-11-03,5.2,3.4,2002-11-03 01:57:00+00:00,7.2,2002-11-03 05:50:00+00:00,0.5,,,12.4,,2.9,335.6,1438,654,126.3333,37.25
2002-11-04,3.2,2.1,2002-11-04 14:31:00+00:00,4.9,2002-11-04 03:53:00+00:00,0.0,,,13.9,,3.4,348.9,1266,654,126.3333,37.25
2002-11-05,5.0,1.0,2002-11-04 17:47:00+00:00,7.4,2002-11-05 04:47:00+00:00,0.0,,,6.3,,1.6,323.5,1440,654,126.3333,37.25
2002-11-06,11.8,6.5,2002-11-05 15:26:00+00:00,15.8,2002-11-06 05:42:00+00:00,0.0,,,10.6,,2.8,160.7,1436,654,126.3333,37.25
2002-11-07,12.7,8.2,2002-11-07 14:55:00+00:00,16.2,2002-11-07 01:48:00+00:00,0.0,,,16.6,,4.8,329.2,1437,654,126.3333,37.25
2002-11-08,4.3,1.7,2002-11-08 14:43:00+00:00,8.1,2002-11-07 15:01:00+00:00,0.0,,,15.3,,4.3,342.0,1439,654,126.3333,37.25
2002-11-09,4.6,0.9,2002-11-08 20:19:00+00:00,8.8,2002-11-09 13:37:00+00:00,0.0,,,14.7,,3.8,348.9,1440,654,126.3333,37.25
2002-11-10,12.1,8.5,2002-11-09 15:01:00+00:00,14.2,2002-11-10 14:24:00+00:00,0.0,,,11.4,,5.0,200.4,1439,654,126.3333,37.25
2002-11-11,13.1,8.3,2002-11-11 14:59:00+00:00,15.8,2002-11-11 04:09:00+00:00,0.0,,,15.3,,5.6,324.6,1438,654,126.3333,37.25
2002-11-12,6.3,4.0,2002-11-12 13:47:00+00:00,8.2,2002-11-11 15:01:00+00:00,0.0,,,13.4,,2.6,340.7,1438,654,126.3333,37.25
2002-11-13,4.0,1.8,2002-11-12 21:17:00+00:00,6.0,2002-11-13 06:07:00+00:00,0.0,,,12.4,,2.8,342.0,1438,654,126.3333,37.25
2002-11-14,5.1,1.3,2002-11-13 19:19:00+00:00,9.8,2002-11-14 04:15:00+00:00,0.0,,,12.8,,3.6,247.3,1440,654,126.3333,37.25
2002-11-15,2.2,0.2,2002-11-14 22:22:00+00:00,3.8,2002-11-15 03:15:00+00:00,0.0,,,13.6,,2.1,322.0,1438,654,126.3333,37.25
2002-11-16,3.3,-0.8,2002-11-15 20:34:00+00:00,6.3,2002-11-16 13:42:00+00:00,0.0,,,7.1,,1.4,133.9,1440,654,126.3333,37.25
2002-11-17,5.4,2.0,2002-11-17 14:49:00+00:00,10.0,2002-11-16 20:49:00+00:00,12.5,,,13.9,,4.6,315.5,1438,654,126.3333,37.25
2002-11-18,0.0,-1.3,2002-11-17 22:22:00+00:00,1.9,2002-11-17 15:01:00+00:00,0.0,,,12.1,,2.9,289.3,1440,654,126.3333,37.25
2002-11-19,3.1,-1.4,2002-11-18 22:23:00+00:00,6.3,2002-11-19 12:23:00+00:00,0.0,,,6.4,,2.0,128.8,1440,654,126.3333,37.25
2002-11-20,5.9,4.1,2002-11-20 13:43:00+00:00,7.6,2002-11-20 03:26:00+00:00,3.5,,,8.8,,1.8,322.4,1440,654,126.3333,37.25
2002-11-21,2.4,1.0,2002-11-21 14:00:00+00:00,4.4,2002-11-20 15:26:00+00:00,0.0,,,9.3,,2.1,327.1,1437,654,126.3333,37.25
2002-11-22,4.9,0.6,2002-11-21 16:14:00+00:00,8.1,2002-11-22 06:48:00+00:00,0.0,,,5.0,,2.2,63.7,1425,654,126.3333,37.25
2002-11-23,7.0,4.1,2002-11-22 21:29:00+00:00,11.1,2002-11-23 05:19:00+00:00,0.0,,,6.1,,1.3,160.9,1438,654,126.3333,37.25
2002-11-24,6.1,3.0,2002-11-24 14:40:00+00:00,8.2,2002-11-23 18:22:00+00:00,0.0,,,8.6,,2.6,341.3,1426,654,126.3333,37.25
2002-11-25,3.9,2.3,2002-11-24 20:40:00+00:00,6.0,2002-11-25 07:05:00+00:00,0.0,,,8.6,,2.4,348.3,1440,654,126.3333,37.25
2002-11-26,2.3,-0.4,2002-11-26 14:13:00+00:00,5.9,2002-11-26 01:24:00+00:00,0.0,,,12.6,,2.9,324.8,1438,654,126.3333,37.25
2002-11-27,1.3,-1.0,2002-11-26 20:57:00+00:00,3.7,2002-11-27 05:23:00+00:00,0.0,,,11.1,,2.3,303.1,1439,654,126.3333,37.25
2002-11-28,5.0,1.8,2002-11-27 17:24:00+00:00,7.2,2002-11-28 14:48:00+00:00,0.0,,,8.6,,2.1,130.9,1437,654,126.3333,37.25
2002-11-29,7.8,4.5,2002-11-29 14:29:00+00:00,11.0,2002-11-29 01:52:00+00:00,0.0,,,8.8,,2.5,196.2,1440,654,126.3333,37.25
2002-11-30,4.7,2.7,2002-11-29 22:19:00+00:00,7.6,2002-11-30 04:35:00+00:00,0.0,,,8.0,,1.4,343.9,1439,654,126.3333,37.25
2002-12-01,5.6,2.5,2002-11-30 16:57:00+00:00,8.2,2002-12-01 05:47:00+00:00,0.0,,,6.3,,1.0,137.0,1437,654,126.3333,37.25
2002-12-02,7.5,4.9,2002-12-01 22:35:00+00:00,10.7,2002-12-02 06:09:00+00:00,0.0,,,6.4,,1.6,134.8,1439,654,126.3333,37.25
2002-12-03,8.0,5.2,2002-12-02 22:04:00+00:00,10.5,2002-12-03 09:04:00+00:00,0.0,,,7.3,,1.8,143.6,1438,654,126.3333,37.25
2002-12-04,10.2,8.1,2002-12-03 16:03:00+00:00,13.4,2002-12-04 05:02:00+00:00,0.0,,,8.7,,2.6,332.0,1438,654,126.3333,37.25
2002-12-05,6.1,4.1,2002-12-05 14:21:00+00:00,10.0,2002-12-04 16:10:00+00:00,0.0,,,10.5,,2.8,343.3,1439,654,126.3333,37.25
2002-12-06,5.5,4.0,2002-12-05 15:29:00+00:00,7.1,2002-12-06 05:16:00+00:00,0.0,,,7.5,,2.3,326.1,1437,654,126.3333,37.25
2002-12-07,4.4,3.0,2002-12-07 01:42:00+00:00,5.7,2002-12-07 13:21:00+00:00,0.0,,,11.3,,3.2,333.8,1440,654,126.3333,37.25
2002-12-08,1.4,-2.2,2002-12-08 14:52:00+00:00,5.4,2002-12-07 15:01:00+00:00,3.0,,,10.3,,2.9,352.3,1438,654,126.3333,37.25
2002-12-09,-3.4,-4.5,2002-12-08 21:52:00+00:00,-1.1,2002-12-09 06:14:00+00:00,0.0,,,12.8,,4.0,306.9,1439,654,126.3333,37.25
2002-12-10,,,,,,0.0,,,,,,,1102,654,126.3333,37.25
2002-12-11,,,,,,0.5,,,,,,,892,654,126.3333,37.25
2002-12-12,-2.1,-3.7,2002-12-12 14:37:00+00:00,-0.6,2002-12-11 20:18:00+00:00,0.0,,,9.6,,2.2,342.5,1439,654,126.3333,37.25
2002-12-13,-2.1,-5.2,2002-12-12 18:15:00+00:00,1.3,2002-12-13 07:21:00+00:00,0.0,,,4.8,,1.0,333.3,1435,654,126.3333,37.25
2002-12-14,2.3,-2.1,2002-12-13 21:36:00+00:00,5.2,2002-12-14 11:58:00+00:00,0.0,,,7.6,,1.9,144.1,1438,654,126.3333,37.25
2002-12-15,6.1,3.8,2002-12-14 20:08:00+00:00,8.4,2002-12-15 06:23:00+00:00,0.0,,,9.1,,2.4,143.2,1440,654,126.3333,37.25
2002-12-16,5.5,2.0,2002-12-16 14:45:00+00:00,9.0,2002-12-15 20:54:00+00:00,0.0,,,16.6,,3.7,337.1,1438,654,126.3333,37.25
2002-12-17,2.2,-0.1,2002-12-16 20:12:00+00:00,4.5,2002-12-17 06:18:00+00:00,0.0,,,8.9,,1.5,308.9,1436,654,126.3333,37.25
2002-12-18,5.2,2.1,2002-12-17 15:01:00+00:00,7.8,2002-12-18 02:53:00+00:00,0.0,,,8.4,,2.3,251.2,1438,654,126.3333,37.25
2002-12-19,3.0,0.9,2002-12-18 23:16:00+00:00,5.0,2002-12-19 07:09:00+00:00,0.0,,,10.4,,3.1,346.2,1438,654,126.3333,37.25
2002-12-20,5.0,0.9,2002-12-19 20:22:00+00:00,9.8,2002-12-20 05:13:00+00:00,0.0,,,7.6,,2.8,41.4,1439,654,126.3333,37.25
2002-12-21,5.9,4.6,2002-12-20 21:39:00+00:00,7.6,2002-12-21 06:08:00+00:00,0.0,,,7.2,,2.8,66.2,1438,654,126.3333,37.25
2002-12-22,6.5,4.5,2002-12-21 21:00:00+00:00,9.6,2002-12-22 05:50:00+00:00,0.0,,,8.3,,3.3,50.2,1439,654,126.3333,37.25
2002-12-23,6.0,4.7,2002-12-22 22:31:00+00:00,7.7,2002-12-23 06:36:00+00:00,3.5,,,8.6,,2.8,257.0,1439,654,126.3333,37.25
2002-12-24,2.5,1.6,2002-12-24 14:06:00+00:00,4.7,2002-12-23 15:01:00+00:00,0.0,,,9.0,,2.4,327.7,1436,654,126.3333,37.25
2002-12-25,-2.5,-4.3,2002-12-25 14:51:00+00:00,2.0,2002-12-24 15:40:00+00:00,0.0,,,14.5,,4.0,336.9,1438,654,126.3333,37.25
2002-12-26,-3.8,-6.2,2002-12-25 22:11:00+00:00,-1.0,2002-12-26 06:01:00+00:00,0.0,,,10.8,,3.1,337.5,1435,654,126.3333,37.25
2002-12-27,-2.3,-5.0,2002-12-26 22:31:00+00:00,0.4,2002-12-27 05:09:00+00:00,0.0,,,7.6,,1.8,354.7,1422,654,126.3333,37.25
2002-12-28,1.7,-1.8,2002-12-28 14:26:00+00:00,3.9,2002-12-28 06:25:00+00:00,0.0,,,13.1,,3.8,253.6,1350,654,126.3333,37.25
2002-12-29,-1.8,-4.7,2002-12-28 22:36:00+00:00,0.4,2002-12-29 03:52:00+00:00,0.0,,,10.4,,2.0,334.8,1425,654,126.3333,37.25
2002-12-30,-0.6,-4.7,2002-12-29 20:40:00+00:00,3.0,2002-12-30 06:48:00+00:00,0.0,,,6.0,,1.6,271.6,1413,654,126.3333,37.25
2002-12-31,-1.0,-2.9,2002-12-31 14:12:00+00:00,0.3,2002-12-31 04:50:00+00:00,0.0,,,7.6,,2.1,346.1,1423,654,126.3333,37.25
